{"msf2_dict": {"frec": [10, 25, 50, 75, 100, 125, 150, 175, 200, 225, 250, 275, 300], "msf": [-0.4285712821219388, -0.42504730547332614, -0.4229583740528275, -0.4234318607248859, -0.4224550159998513, -0.42188385908461334, -0.42203805455084903, -0.4215874580479381, -0.42207608289409715, -0.4223476512580458, -0.4230146679737089, -0.42297975920848724, -0.42293883378453007]}, "msf3_dict": {"frec": [10, 25, 50, 75, 100, 125, 150, 175, 200, 225, 250, 275, 300], "msf": [-0.39184241765165867, -0.3923233886194015, -0.39255296128991174, -0.3930828003877616, -0.39343869344128607, -0.39304540747129335, -0.39312018373815577, -0.39276576940116303, -0.39288585849641006, -0.3926745107826999, -0.3925991955997725, -0.39240256299380655, -0.39242699039723195]}}