lambda_index,lambda,dc,cluster
8,6.002999999999997,0.026153589871730817,"[7, 8, 9, 10]"
5,4.0029999999999974,0.03922058456157884,"[4, 5, 6]"
2,0.9999999999999999,0.15700000000000003,"[1, 2, 3]"
